{"mean_squared_error":0.7746609872,"mean_absolute_error":0.685711592,"r2_score":0.2260173371}
