{"mean_squared_error":0.7757083331,"mean_absolute_error":0.6869158674,"r2_score":0.2249709083}
